{"cameraMode":{"drawMode":0,"name":"Shaded","section":"Shading Mode"},"sceneLighting":true,"audioPlay":false,"sceneViewState":{"m_AlwaysRefresh":false,"showFog":true,"showSkybox":true,"showFlares":true,"showImageEffects":true,"showParticleSystems":true,"showVisualEffectGraphs":true,"m_FxEnabled":true},"in2DMode":false,"pivot":{"x":-4.805206775665283,"y":2.0585553646087648,"z":0.2670119106769562},"rotation":{"x":-0.11032314598560333,"y":-0.7319321036338806,"z":0.12210452556610108,"w":-0.6612505912780762},"size":0.0383450984954834,"orthographic":false}